<?xml version="1.0" encoding="UTF-8"?>
<project-private xmlns="http://www.netbeans.org/ns/project-private/1">
    <editor-bookmarks xmlns="http://www.netbeans.org/ns/editor-bookmarks/2" lastBookmarkId="0"/>
    <open-files xmlns="http://www.netbeans.org/ns/projectui-open-files/2">
        <group>
            <file>file:/C:/Users/Jermaine%20Pasamba/Desktop/Java_pointofsalesproject/src/Admin_Form.java</file>
            <file>file:/C:/Users/Jermaine%20Pasamba/Desktop/Java_pointofsalesproject/src/Login.java</file>
            <file>file:/C:/Users/Jermaine%20Pasamba/Desktop/Java_pointofsalesproject/src/User_List.java</file>
            <file>file:/C:/Users/Jermaine%20Pasamba/Desktop/Java_pointofsalesproject/src/Product_List.java</file>
            <file>file:/C:/Users/Jermaine%20Pasamba/Desktop/Java_pointofsalesproject/src/Java_pointofsalesproject.java</file>
        </group>
    </open-files>
</project-private>
